{
	"issuer" : "FranceConnect",
	
	"client_id" : "e3b0c44298fc1c149afbf4c8996fb92427ae41e4649b934ca495991b7852b855",
	"client_secret" : "e3b0c44298fc1c149afbf4c8996fb92427ae41e4649b934ca495991b7852b855",
	"callback" : "http://localhost:9000/callback",
	
	"authorization_endpoint" : "https://fcp.integ01.dev-franceconnect.fr/api/v1/authorize",
	"token_endpoint" : "https://fcp.integ01.dev-franceconnect.fr/api/v1/token/",
	"userinfo_endpoint" : "https://fcp.integ01.dev-franceconnect.fr/api/v1/userinfo",
	"logout_endpoint" : "https://fcp.integ01.dev-franceconnect.fr/api/v1/logout",
	"checktoken_endpoint" : "https://fcp.integ01.dev-franceconnect.fr/api/v1/checktoken",
	
	"response_type" : "code"
}